{
  "deny": {
    "precision": 0.7264150943396226,
    "recall": 0.77,
    "f1-score": 0.7475728155339806,
    "support": 100,
    "confused_with": {
      "enter_data": 8,
      "affirm": 3
    }
  },
  "human_handoff": {
    "precision": 0.9047619047619048,
    "recall": 0.8260869565217391,
    "f1-score": 0.8636363636363636,
    "support": 69,
    "confused_with": {
      "enter_data": 3,
      "contact_sales": 2
    }
  },
  "source_code": {
    "precision": 0.7142857142857143,
    "recall": 0.7352941176470589,
    "f1-score": 0.7246376811594202,
    "support": 34,
    "confused_with": {
      "out_of_scope": 3,
      "how_to_get_started": 2
    }
  },
  "canthelp": {
    "precision": 0.4444444444444444,
    "recall": 0.3076923076923077,
    "f1-score": 0.3636363636363637,
    "support": 26,
    "confused_with": {
      "out_of_scope": 5,
      "chitchat": 4
    }
  },
  "greet": {
    "precision": 0.8914728682170543,
    "recall": 0.782312925170068,
    "f1-score": 0.8333333333333333,
    "support": 147,
    "confused_with": {
      "chitchat": 7,
      "enter_data": 7
    }
  },
  "switch": {
    "precision": 0.8846153846153846,
    "recall": 0.8518518518518519,
    "f1-score": 0.8679245283018868,
    "support": 54,
    "confused_with": {
      "enter_data": 3,
      "why_rasa": 1
    }
  },
  "affirm": {
    "precision": 0.7625570776255708,
    "recall": 0.7422222222222222,
    "f1-score": 0.7522522522522522,
    "support": 225,
    "confused_with": {
      "out_of_scope": 19,
      "enter_data": 13
    }
  },
  "ask_which_events": {
    "precision": 0.9196428571428571,
    "recall": 0.9626168224299065,
    "f1-score": 0.9406392694063926,
    "support": 107,
    "confused_with": {
      "ask_how_contribute": 1,
      "chitchat": 1
    }
  },
  "nlu_generation_tool_recommendation": {
    "precision": 0.6428571428571429,
    "recall": 0.6428571428571429,
    "f1-score": 0.6428571428571429,
    "support": 14,
    "confused_with": {
      "technical_question": 2,
      "how_to_get_started": 1
    }
  },
  "faq": {
    "precision": 0.8529411764705882,
    "recall": 0.90625,
    "f1-score": 0.8787878787878787,
    "support": 768,
    "confused_with": {
      "technical_question": 19,
      "how_to_get_started": 14
    }
  },
  "bye": {
    "precision": 0.7631578947368421,
    "recall": 0.6904761904761905,
    "f1-score": 0.725,
    "support": 42,
    "confused_with": {
      "affirm": 6,
      "out_of_scope": 4
    }
  },
  "contact_sales": {
    "precision": 0.8433734939759037,
    "recall": 0.8805031446540881,
    "f1-score": 0.8615384615384616,
    "support": 159,
    "confused_with": {
      "faq": 6,
      "out_of_scope": 4
    }
  },
  "signup_newsletter": {
    "precision": 0.9133333333333333,
    "recall": 0.9716312056737588,
    "f1-score": 0.9415807560137457,
    "support": 141,
    "confused_with": {
      "technical_question": 2,
      "human_handoff": 1
    }
  },
  "why_rasa": {
    "precision": 0.7659574468085106,
    "recall": 0.8,
    "f1-score": 0.7826086956521738,
    "support": 45,
    "confused_with": {
      "chitchat": 2,
      "out_of_scope": 2
    }
  },
  "technical_question": {
    "precision": 0.556,
    "recall": 0.6318181818181818,
    "f1-score": 0.5914893617021277,
    "support": 220,
    "confused_with": {
      "faq": 23,
      "out_of_scope": 13
    }
  },
  "restart": {
    "precision": 0.8333333333333334,
    "recall": 0.5,
    "f1-score": 0.625,
    "support": 10,
    "confused_with": {
      "technical_question": 4,
      "ask_why_contribute": 1
    }
  },
  "ask_why_contribute": {
    "precision": 0.7058823529411765,
    "recall": 0.5714285714285714,
    "f1-score": 0.6315789473684211,
    "support": 21,
    "confused_with": {
      "why_rasa": 4,
      "source_code": 3
    }
  },
  "install_rasa": {
    "precision": 0.8155339805825242,
    "recall": 0.865979381443299,
    "f1-score": 0.8399999999999999,
    "support": 97,
    "confused_with": {
      "technical_question": 6,
      "how_to_get_started": 5
    }
  },
  "out_of_scope": {
    "precision": 0.4774011299435028,
    "recall": 0.41119221411192214,
    "f1-score": 0.4418300653594771,
    "support": 411,
    "confused_with": {
      "chitchat": 74,
      "enter_data": 43
    }
  },
  "nlu_info": {
    "precision": 0.9193548387096774,
    "recall": 0.9193548387096774,
    "f1-score": 0.9193548387096774,
    "support": 62,
    "confused_with": {
      "faq": 2,
      "technical_question": 1
    }
  },
  "react_negative": {
    "precision": 0.7941176470588235,
    "recall": 0.574468085106383,
    "f1-score": 0.6666666666666666,
    "support": 47,
    "confused_with": {
      "chitchat": 4,
      "deny": 4
    }
  },
  "next_step": {
    "precision": 0.9333333333333333,
    "recall": 0.9333333333333333,
    "f1-score": 0.9333333333333333,
    "support": 15,
    "confused_with": {
      "affirm": 1
    }
  },
  "pipeline_recommendation": {
    "precision": 0.8095238095238095,
    "recall": 0.8947368421052632,
    "f1-score": 0.8500000000000001,
    "support": 19,
    "confused_with": {
      "faq": 1,
      "nlu_generation_tool_recommendation": 1
    }
  },
  "react_positive": {
    "precision": 0.6226415094339622,
    "recall": 0.532258064516129,
    "f1-score": 0.5739130434782608,
    "support": 62,
    "confused_with": {
      "out_of_scope": 8,
      "affirm": 7
    }
  },
  "explain": {
    "precision": 0.4444444444444444,
    "recall": 0.25,
    "f1-score": 0.32,
    "support": 16,
    "confused_with": {
      "out_of_scope": 4,
      "chitchat": 3
    }
  },
  "need_help_broad": {
    "precision": 0.6808510638297872,
    "recall": 0.7804878048780488,
    "f1-score": 0.7272727272727273,
    "support": 41,
    "confused_with": {
      "technical_question": 3,
      "install_rasa": 2
    }
  },
  "ask_how_contribute": {
    "precision": 0.8,
    "recall": 0.7547169811320755,
    "f1-score": 0.7766990291262137,
    "support": 53,
    "confused_with": {
      "chitchat": 4,
      "source_code": 2
    }
  },
  "how_to_get_started": {
    "precision": 0.7840909090909091,
    "recall": 0.8238805970149253,
    "f1-score": 0.8034934497816593,
    "support": 335,
    "confused_with": {
      "faq": 18,
      "technical_question": 11
    }
  },
  "chitchat": {
    "precision": 0.8289473684210527,
    "recall": 0.8640897755610972,
    "f1-score": 0.8461538461538461,
    "support": 802,
    "confused_with": {
      "out_of_scope": 40,
      "how_to_get_started": 17
    }
  },
  "enter_data": {
    "precision": 0.8271954674220963,
    "recall": 0.8044077134986226,
    "f1-score": 0.8156424581005586,
    "support": 726,
    "confused_with": {
      "out_of_scope": 53,
      "technical_question": 17
    }
  },
  "thank": {
    "precision": 0.9428571428571428,
    "recall": 0.8461538461538461,
    "f1-score": 0.8918918918918919,
    "support": 39,
    "confused_with": {
      "faq": 2,
      "enter_data": 2
    }
  },
  "ask_question_in_forum": {
    "precision": 0.9428571428571428,
    "recall": 0.7674418604651163,
    "f1-score": 0.8461538461538461,
    "support": 43,
    "confused_with": {
      "faq": 6,
      "how_to_get_started": 1
    }
  },
  "accuracy": 0.7872727272727272,
  "macro avg": {
    "precision": 0.7733806658561748,
    "recall": 0.7373607180772759,
    "f1-score": 0.7508274702252532,
    "support": 4950
  },
  "weighted avg": {
    "precision": 0.7836433069684636,
    "recall": 0.7872727272727272,
    "f1-score": 0.784046494006113,
    "support": 4950
  }
}